player,team,reason,notes
Marcus Maye,LAC,missing_team_roster_page,Roster page unavailable: https://www.pro-football-reference.com/teams/sdg/2026_roster.htm
Larrell Murchison,LAR,missing_team_roster_page,Roster page unavailable: https://www.pro-football-reference.com/teams/ram/2026_roster.htm
Jeremiah Pharms Jr.,NE,missing_team_roster_page,Roster page unavailable: https://www.pro-football-reference.com/teams/nwe/2026_roster.htm
Tre Flowers,PIT,missing_team_roster_page,Roster page unavailable: https://www.pro-football-reference.com/teams/pit/2026_roster.htm
Demani Richardson,CAR,missing_team_roster_page,Roster page unavailable: https://www.pro-football-reference.com/teams/car/2026_roster.htm
Hunter Renfrow,CAR,missing_team_roster_page,Roster page unavailable: https://www.pro-football-reference.com/teams/car/2026_roster.htm
Geron Christian,DEN,missing_team_roster_page,Roster page unavailable: https://www.pro-football-reference.com/teams/den/2026_roster.htm
Marcedes Lewis,DEN,missing_team_roster_page,Roster page unavailable: https://www.pro-football-reference.com/teams/den/2026_roster.htm
Clayton Tune,GB,missing_team_roster_page,Roster page unavailable: https://www.pro-football-reference.com/teams/gnb/2026_roster.htm
K'Von Wallace,HOU,missing_team_roster_page,Roster page unavailable: https://www.pro-football-reference.com/teams/htx/2026_roster.htm
Shane Buechele,KC,missing_team_roster_page,Roster page unavailable: https://www.pro-football-reference.com/teams/kan/2026_roster.htm
Dane Jackson,BUF,missing_team_roster_page,Roster page unavailable: https://www.pro-football-reference.com/teams/buf/2026_roster.htm
Eric Kendricks,SF,missing_team_roster_page,Roster page unavailable: https://www.pro-football-reference.com/teams/sfo/2026_roster.htm
Baylon Spector,BUF,missing_team_roster_page,Roster page unavailable: https://www.pro-football-reference.com/teams/buf/2026_roster.htm
Darrell Taylor,HOU,missing_team_roster_page,Roster page unavailable: https://www.pro-football-reference.com/teams/htx/2026_roster.htm
D'Ernest Johnson,NE,missing_team_roster_page,Roster page unavailable: https://www.pro-football-reference.com/teams/nwe/2026_roster.htm
Jalen Reeves-Maybin,CHI,missing_team_roster_page,Roster page unavailable: https://www.pro-football-reference.com/teams/chi/2026_roster.htm
Nick Hampton,LAR,missing_team_roster_page,Roster page unavailable: https://www.pro-football-reference.com/teams/ram/2026_roster.htm
D'Anthony Bell,CAR,missing_team_roster_page,Roster page unavailable: https://www.pro-football-reference.com/teams/car/2026_roster.htm
Brayden Willis,SF,missing_team_roster_page,Roster page unavailable: https://www.pro-football-reference.com/teams/sfo/2026_roster.htm
Trevon Diggs,GB,missing_team_roster_page,Roster page unavailable: https://www.pro-football-reference.com/teams/gnb/2026_roster.htm
Cam Akers,SEA,missing_team_roster_page,Roster page unavailable: https://www.pro-football-reference.com/teams/sea/2026_roster.htm
Federico Maranges,SEA,missing_team_roster_page,Roster page unavailable: https://www.pro-football-reference.com/teams/sea/2026_roster.htm
J.R. Singleton,SEA,missing_team_roster_page,Roster page unavailable: https://www.pro-football-reference.com/teams/sea/2026_roster.htm
Ja'Markis Weston,SEA,missing_team_roster_page,Roster page unavailable: https://www.pro-football-reference.com/teams/sea/2026_roster.htm
Jacardia Wright,SEA,missing_team_roster_page,Roster page unavailable: https://www.pro-football-reference.com/teams/sea/2026_roster.htm
Jamie Sheriff,SEA,missing_team_roster_page,Roster page unavailable: https://www.pro-football-reference.com/teams/sea/2026_roster.htm
Logan Brown,SEA,missing_team_roster_page,Roster page unavailable: https://www.pro-football-reference.com/teams/sea/2026_roster.htm
Maxen Hook,SEA,missing_team_roster_page,Roster page unavailable: https://www.pro-football-reference.com/teams/sea/2026_roster.htm
Montorie Foster Jr,SEA,missing_team_roster_page,Roster page unavailable: https://www.pro-football-reference.com/teams/sea/2026_roster.htm
Pooh Paul Jr.,SEA,missing_team_roster_page,Roster page unavailable: https://www.pro-football-reference.com/teams/sea/2026_roster.htm
Ricky White III,SEA,missing_team_roster_page,Roster page unavailable: https://www.pro-football-reference.com/teams/sea/2026_roster.htm
Tyler Hall,SEA,missing_team_roster_page,Roster page unavailable: https://www.pro-football-reference.com/teams/sea/2026_roster.htm
Tyrone Broden,SEA,missing_team_roster_page,Roster page unavailable: https://www.pro-football-reference.com/teams/sea/2026_roster.htm
Velus Jones Jr.,SEA,missing_team_roster_page,Roster page unavailable: https://www.pro-football-reference.com/teams/sea/2026_roster.htm
Wy'Kevious Thomas,SEA,missing_team_roster_page,Roster page unavailable: https://www.pro-football-reference.com/teams/sea/2026_roster.htm
Courtney Jackson,NYG,missing_team_roster_page,Roster page unavailable: https://www.pro-football-reference.com/teams/nyg/2026_roster.htm
Jalan Gaines,SEA,missing_team_roster_page,Roster page unavailable: https://www.pro-football-reference.com/teams/sea/2026_roster.htm
Emory Jones,ATL,missing_team_roster_page,Roster page unavailable: https://www.pro-football-reference.com/teams/atl/2026_roster.htm
James Daniels,MIA,missing_team_roster_page,Roster page unavailable: https://www.pro-football-reference.com/teams/mia/2026_roster.htm
Nick Westbrook-Ikhine,MIA,missing_team_roster_page,Roster page unavailable: https://www.pro-football-reference.com/teams/mia/2026_roster.htm
Brandon Crossley,NE,missing_team_roster_page,Roster page unavailable: https://www.pro-football-reference.com/teams/nwe/2026_roster.htm
Earnest Brown IV,TEN,missing_team_roster_page,Roster page unavailable: https://www.pro-football-reference.com/teams/oti/2026_roster.htm
Ryan Hayes,TEN,missing_team_roster_page,Roster page unavailable: https://www.pro-football-reference.com/teams/oti/2026_roster.htm
Kendric Pryor,CIN,missing_team_roster_page,Roster page unavailable: https://www.pro-football-reference.com/teams/cin/2026_roster.htm
Robert Woods,LAR,missing_team_roster_page,Roster page unavailable: https://www.pro-football-reference.com/teams/ram/2026_roster.htm
Nick Zakelj,SF,missing_team_roster_page,Roster page unavailable: https://www.pro-football-reference.com/teams/sfo/2026_roster.htm
Amen Ogbongbemiga,CHI,missing_team_roster_page,Roster page unavailable: https://www.pro-football-reference.com/teams/chi/2026_roster.htm
Michael Bandy,DEN,missing_team_roster_page,Roster page unavailable: https://www.pro-football-reference.com/teams/den/2026_roster.htm
Kendall Milton,CIN,missing_team_roster_page,Roster page unavailable: https://www.pro-football-reference.com/teams/cin/2026_roster.htm
Logan Wilson,DAL,missing_team_roster_page,Roster page unavailable: https://www.pro-football-reference.com/teams/dal/2026_roster.htm
Michael Danna,KC,missing_team_roster_page,Roster page unavailable: https://www.pro-football-reference.com/teams/kan/2026_roster.htm
Xavier Woods,TEN,missing_team_roster_page,Roster page unavailable: https://www.pro-football-reference.com/teams/oti/2026_roster.htm
Justin Osborne,CLE,missing_team_roster_page,Roster page unavailable: https://www.pro-football-reference.com/teams/cle/2026_roster.htm
Savion Washington,LAC,missing_team_roster_page,Roster page unavailable: https://www.pro-football-reference.com/teams/sdg/2026_roster.htm
Perrion Winfrey,DAL,missing_team_roster_page,Roster page unavailable: https://www.pro-football-reference.com/teams/dal/2026_roster.htm
A'Shawn Robinson,CAR,missing_team_roster_page,Roster page unavailable: https://www.pro-football-reference.com/teams/car/2026_roster.htm
Popo Aumavae,CAR,missing_team_roster_page,Roster page unavailable: https://www.pro-football-reference.com/teams/car/2026_roster.htm
Johnny Mundt,JAX,missing_team_roster_page,Roster page unavailable: https://www.pro-football-reference.com/teams/jax/2026_roster.htm
Anthony Johnson Jr.,NYG,missing_team_roster_page,Roster page unavailable: https://www.pro-football-reference.com/teams/nyg/2026_roster.htm
Kyler Murray,ARI,missing_team_roster_page,Roster page unavailable: https://www.pro-football-reference.com/teams/crd/2026_roster.htm
Kirk Cousins,ATL,missing_team_roster_page,Roster page unavailable: https://www.pro-football-reference.com/teams/atl/2026_roster.htm
Cooper Rush,BAL,missing_team_roster_page,Roster page unavailable: https://www.pro-football-reference.com/teams/rav/2026_roster.htm
DJ Moore,BUF,missing_team_roster_page,Roster page unavailable: https://www.pro-football-reference.com/teams/buf/2026_roster.htm
Garrett Bradbury,CHI,missing_team_roster_page,Roster page unavailable: https://www.pro-football-reference.com/teams/chi/2026_roster.htm
David Njoku,CLE,missing_team_roster_page,Roster page unavailable: https://www.pro-football-reference.com/teams/cle/2026_roster.htm
Jack Conklin,CLE,missing_team_roster_page,Roster page unavailable: https://www.pro-football-reference.com/teams/cle/2026_roster.htm
Tytus Howard,CLE,missing_team_roster_page,Roster page unavailable: https://www.pro-football-reference.com/teams/cle/2026_roster.htm
Wyatt Teller,CLE,missing_team_roster_page,Roster page unavailable: https://www.pro-football-reference.com/teams/cle/2026_roster.htm
Rashan Gary,DAL,missing_team_roster_page,Roster page unavailable: https://www.pro-football-reference.com/teams/dal/2026_roster.htm
Dre Greenlaw,DEN,missing_team_roster_page,Roster page unavailable: https://www.pro-football-reference.com/teams/den/2026_roster.htm
Joshua Paschal,DET,missing_team_roster_page,Roster page unavailable: https://www.pro-football-reference.com/teams/det/2026_roster.htm
Juice Scruggs,DET,missing_team_roster_page,Roster page unavailable: https://www.pro-football-reference.com/teams/det/2026_roster.htm
Nate Hobbs,GB,missing_team_roster_page,Roster page unavailable: https://www.pro-football-reference.com/teams/gnb/2026_roster.htm
Zaire Franklin,GB,missing_team_roster_page,Roster page unavailable: https://www.pro-football-reference.com/teams/gnb/2026_roster.htm
David Montgomery,HOU,missing_team_roster_page,Roster page unavailable: https://www.pro-football-reference.com/teams/htx/2026_roster.htm
Kai Kroeger,HOU,missing_team_roster_page,Roster page unavailable: https://www.pro-football-reference.com/teams/htx/2026_roster.htm
Colby Wooden,IND,missing_team_roster_page,Roster page unavailable: https://www.pro-football-reference.com/teams/clt/2026_roster.htm
Trent McDuffie,LAR,missing_team_roster_page,Roster page unavailable: https://www.pro-football-reference.com/teams/ram/2026_roster.htm
Taron Johnson,LV,missing_team_roster_page,Roster page unavailable: https://www.pro-football-reference.com/teams/rai/2026_roster.htm
Bradley Chubb,MIA,missing_team_roster_page,Roster page unavailable: https://www.pro-football-reference.com/teams/mia/2026_roster.htm
Harrison Smith,MIN,missing_team_roster_page,Roster page unavailable: https://www.pro-football-reference.com/teams/min/2026_roster.htm
Javon Hargrave,MIN,missing_team_roster_page,Roster page unavailable: https://www.pro-football-reference.com/teams/min/2026_roster.htm
Jonathan Allen,MIN,missing_team_roster_page,Roster page unavailable: https://www.pro-football-reference.com/teams/min/2026_roster.htm
Anfernee Jennings,NE,missing_team_roster_page,Roster page unavailable: https://www.pro-football-reference.com/teams/nwe/2026_roster.htm
Stefon Diggs,NE,missing_team_roster_page,Roster page unavailable: https://www.pro-football-reference.com/teams/nwe/2026_roster.htm
Chris Board,NYG,missing_team_roster_page,Roster page unavailable: https://www.pro-football-reference.com/teams/nyg/2026_roster.htm
Jamie Gillan,NYG,missing_team_roster_page,Roster page unavailable: https://www.pro-football-reference.com/teams/nyg/2026_roster.htm
Geno Smith,NYJ,missing_team_roster_page,Roster page unavailable: https://www.pro-football-reference.com/teams/nyj/2026_roster.htm
Minkah Fitzpatrick,NYJ,missing_team_roster_page,Roster page unavailable: https://www.pro-football-reference.com/teams/nyj/2026_roster.htm
T'Vondre Sweat,NYJ,missing_team_roster_page,Roster page unavailable: https://www.pro-football-reference.com/teams/nyj/2026_roster.htm
Michael Pittman,PIT,missing_team_roster_page,Roster page unavailable: https://www.pro-football-reference.com/teams/pit/2026_roster.htm
Osa Odighizuwa,SF,missing_team_roster_page,Roster page unavailable: https://www.pro-football-reference.com/teams/sfo/2026_roster.htm
Jermaine Johnson II,TEN,missing_team_roster_page,Roster page unavailable: https://www.pro-football-reference.com/teams/oti/2026_roster.htm
Solomon Thomas,TEN,missing_team_roster_page,Roster page unavailable: https://www.pro-football-reference.com/teams/oti/2026_roster.htm
Evan Brown,ARI,missing_team_roster_page,Roster page unavailable: https://www.pro-football-reference.com/teams/crd/2026_roster.htm
Will Grier,DAL,missing_team_roster_page,Roster page unavailable: https://www.pro-football-reference.com/teams/dal/2026_roster.htm
Tua Tagovailoa,MIA,missing_team_roster_page,Roster page unavailable: https://www.pro-football-reference.com/teams/mia/2026_roster.htm
Bryce Huff,SF,missing_team_roster_page,Roster page unavailable: https://www.pro-football-reference.com/teams/sfo/2026_roster.htm
Zeke Correll,MIN,missing_team_roster_page,Roster page unavailable: https://www.pro-football-reference.com/teams/min/2026_roster.htm
L'Jarius Sneed,TEN,missing_team_roster_page,Roster page unavailable: https://www.pro-football-reference.com/teams/oti/2026_roster.htm
Jaylen Waddle,DEN,missing_team_roster_page,Roster page unavailable: https://www.pro-football-reference.com/teams/den/2026_roster.htm
Justin Fields,KC,missing_team_roster_page,Roster page unavailable: https://www.pro-football-reference.com/teams/kan/2026_roster.htm
Sydney Brown,ATL,missing_team_roster_page,Roster page unavailable: https://www.pro-football-reference.com/teams/atl/2026_roster.htm
Joshua Dobbs,NE,missing_team_roster_page,Roster page unavailable: https://www.pro-football-reference.com/teams/nwe/2026_roster.htm
Andy Dalton,PHI,missing_team_roster_page,Roster page unavailable: https://www.pro-football-reference.com/teams/phi/2026_roster.htm
Joe Flacco,CIN,missing_team_roster_page,Roster page unavailable: https://www.pro-football-reference.com/teams/cin/2026_roster.htm
Ben Bartch,DET,missing_team_roster_page,Roster page unavailable: https://www.pro-football-reference.com/teams/det/2026_roster.htm
Jake Bates,DET,missing_team_roster_page,Roster page unavailable: https://www.pro-football-reference.com/teams/det/2026_roster.htm
Kayode Awosika,LAC,missing_team_roster_page,Roster page unavailable: https://www.pro-football-reference.com/teams/sdg/2026_roster.htm
Ronnie Rivers,LAR,missing_team_roster_page,Roster page unavailable: https://www.pro-football-reference.com/teams/ram/2026_roster.htm
Cam Jones,NYG,missing_team_roster_page,Roster page unavailable: https://www.pro-football-reference.com/teams/nyg/2026_roster.htm
Fred Johnson,PHI,missing_team_roster_page,Roster page unavailable: https://www.pro-football-reference.com/teams/phi/2026_roster.htm
Brian Robinson,ATL,missing_team_roster_page,Roster page unavailable: https://www.pro-football-reference.com/teams/atl/2026_roster.htm
Trevor Siemian,ATL,missing_team_roster_page,Roster page unavailable: https://www.pro-football-reference.com/teams/atl/2026_roster.htm
Tyler Goodson,ATL,missing_team_roster_page,Roster page unavailable: https://www.pro-football-reference.com/teams/atl/2026_roster.htm
Danny Pinter,BAL,missing_team_roster_page,Roster page unavailable: https://www.pro-football-reference.com/teams/rav/2026_roster.htm
Austin Corbett,BUF,missing_team_roster_page,Roster page unavailable: https://www.pro-football-reference.com/teams/buf/2026_roster.htm
Lloyd Cushenberry III,BUF,missing_team_roster_page,Roster page unavailable: https://www.pro-football-reference.com/teams/buf/2026_roster.htm
Terrell Burgess,NO,missing_team_roster_page,Roster page unavailable: https://www.pro-football-reference.com/teams/nor/2026_roster.htm
Zach Wilson,NO,missing_team_roster_page,Roster page unavailable: https://www.pro-football-reference.com/teams/nor/2026_roster.htm
Elijah Moore,PHI,missing_team_roster_page,Roster page unavailable: https://www.pro-football-reference.com/teams/phi/2026_roster.htm
Chazz Surratt,SEA,missing_team_roster_page,Roster page unavailable: https://www.pro-football-reference.com/teams/sea/2026_roster.htm
Damar Hamlin,BUF,missing_team_roster_page,Roster page unavailable: https://www.pro-football-reference.com/teams/buf/2026_roster.htm
Trent Sherfield,BUF,missing_team_roster_page,Roster page unavailable: https://www.pro-football-reference.com/teams/buf/2026_roster.htm
Derion Kendrick,DAL,missing_team_roster_page,Roster page unavailable: https://www.pro-football-reference.com/teams/dal/2026_roster.htm
Ronnie Harrison,MIA,missing_team_roster_page,Roster page unavailable: https://www.pro-football-reference.com/teams/mia/2026_roster.htm
Ahkello Witherspoon,WAS,missing_team_roster_page,Roster page unavailable: https://www.pro-football-reference.com/teams/was/2026_roster.htm
Chuck Clark,DET,missing_team_roster_page,Roster page unavailable: https://www.pro-football-reference.com/teams/det/2026_roster.htm
Chandler Martin,PHI,missing_team_roster_page,Roster page unavailable: https://www.pro-football-reference.com/teams/phi/2026_roster.htm
DJ Davidson,WAS,missing_team_roster_page,Roster page unavailable: https://www.pro-football-reference.com/teams/was/2026_roster.htm
